ecid,P_62058600_Main.WLC_APSS_PostCPR.WLC_VMIN_APSS_TURL5_Uplift.WLC_VMIN_APSS_apss_vectors_P_cl1c0_D_qblizzard_TURBO_L5_M0_core7_XMD_TURL5_Uplift_vdd_apc1_cx.Parametric_ENF1,P_62058720_Main.WLC_APSS_PostCPR.WLC_VMIN_APSS_TURL5_Uplift.WLC_VMIN_APSS_apss_vectors_P_cl1c0_D_qblizzard_TURBO_L5_M1_core7_XMD_TURL5_Uplift_vdd_apc1_cx.Parametric_ENF1,P_62058840_Main.WLC_APSS_PostCPR.WLC_VMIN_APSS_TURL5_Uplift.WLC_VMIN_APSS_apss_vectors_P_cl1c0_D_qblizzard_TURBO_L5_M2_core7_XMD_TURL5_Uplift_vdd_apc1_cx.Parametric_ENF1,P_62058960_Main.WLC_APSS_PostCPR.WLC_VMIN_APSS_TURL5_Uplift.WLC_VMIN_APSS_apss_vectors_P_cl1c0_D_qblizzard_TURBO_L5_M3_core7_XMD_TURL5_Uplift_vdd_apc1_cx.Parametric_ENF1,P_62059080_Main.WLC_APSS_PostCPR.WLC_VMIN_APSS_TURL5_Uplift.WLC_VMIN_APSS_apss_vectors_P_cl1c0_D_qblizzard_TURBO_L5_M4_core7_XMD_TURL5_Uplift_vdd_apc1_cx.Parametric_ENF1,P_62059200_Main.WLC_APSS_PostCPR.WLC_VMIN_APSS_TURL5_Uplift.WLC_VMIN_APSS_apss_vectors_P_cl1c0_D_qblizzard_TURBO_L5_M5_core7_XMD_TURL5_Uplift_vdd_apc1_cx.Parametric_ENF1,P_62073220_Main.WLC_APSS_PostCPR.WLC_VMIN_APSS_TURL5_Uplift.WLC_VMIN_APSS_apss_vectors_P_cl1c0_D_qblizzard_TURBO_L5_M10_core7_XMD_TURL5_Uplift_vdd_apc1_cx.Parametric_ENF1,P_62073300_Main.WLC_APSS_PostCPR.WLC_VMIN_APSS_TURL5_Uplift.WLC_VMIN_APSS_apss_vectors_P_cl1c0_D_qblizzard_TURBO_L5_M6_core7_XMD_TURL5_Uplift_vdd_apc1_cx.Parametric_ENF1,P_62073380_Main.WLC_APSS_PostCPR.WLC_VMIN_APSS_TURL5_Uplift.WLC_VMIN_APSS_apss_vectors_P_cl1c0_D_qblizzard_TURBO_L5_M7_core7_XMD_TURL5_Uplift_vdd_apc1_cx.Parametric_ENF1,P_62073460_Main.WLC_APSS_PostCPR.WLC_VMIN_APSS_TURL5_Uplift.WLC_VMIN_APSS_apss_vectors_P_cl1c0_D_qblizzard_TURBO_L5_M8_core7_XMD_TURL5_Uplift_vdd_apc1_cx.Parametric_ENF1,P_62073540_Main.WLC_APSS_PostCPR.WLC_VMIN_APSS_TURL5_Uplift.WLC_VMIN_APSS_apss_vectors_P_cl1c0_D_qblizzard_TURBO_L5_M9_core7_XMD_TURL5_Uplift_vdd_apc1_cx.Parametric_ENF1
046A820F0278,0.9,0.925,0.9625,0.99375,1.025,1.3,1.3,1.0125,1.025,1.04375,1.3
046A5C63BAAA,0.8875,0.9125,0.94375,0.96875,1.00625,1.18125,1.3,0.9,1.0,1.01875,1.3
046A03C97B94,0.9,0.91875,0.95,0.98125,1.01875,1.1375,1.3,1.0,1.00625,1.025,1.3
046A40E0222B,0.9,0.93125,0.95625,0.99375,1.10625,1.00625,1.3,1.0125,1.05625,1.3,1.3
046AB018975A,0.89375,0.91875,0.95625,0.9875,1.03125,1.1,1.3,1.0,1.0125,1.0375,1.3
046AA4D9A626,0.89375,0.91875,0.94375,0.975,1.05,1.3,1.3,1.0,1.0125,1.075,1.3
046A91CA7652,0.89375,0.9125,0.95625,0.98125,1.03125,1.08125,1.3,0.9875,1.0125,1.03125,1.3
046A67246F20,0.89375,0.91875,0.95,0.99375,1.025,1.3,1.3,1.00625,1.0,1.03125,1.3
046A1EE225C7,0.89375,0.91875,0.95,0.9875,1.0125,1.1,1.3,1.0,1.0125,1.025,1.3
046A91165AF6,0.90625,0.9375,0.98125,1.0125,1.125,1.3,1.3,1.025,1.08125,1.15625,1.3
046A939CB3BA,0.89375,0.91875,0.9625,1.0,1.03125,1.2,1.3,1.0125,1.025,1.06875,1.3
046A3B79CEF2,0.91875,0.95,0.99375,1.025,1.1125,1.3,1.3,1.05625,1.08125,1.1625,1.3
046AE56E30AE,0.89375,0.9125,0.95,0.98125,1.0,1.1375,1.3,0.99375,1.0,1.01875,1.3
046A9E6C960D,0.89375,0.9125,0.95625,0.99375,1.0375,1.15,1.3,1.00625,1.03125,1.0375,1.3
046AFE589A72,0.9,0.925,0.95625,0.9875,1.03125,1.10625,1.3,1.00625,1.025,1.05,1.3
046A507D8018,0.89375,0.925,0.9625,1.0,1.06875,1.0125,1.3,1.01875,1.0375,1.08125,1.3
046A48AA9F70,0.91875,0.925,0.99375,1.025,1.0875,1.3,1.3,1.025,1.05625,1.1125,1.3
046A0A27E075,0.9,0.925,0.9625,1.0,1.05625,1.16875,1.3,1.025,1.025,1.05625,1.3
046A84AFD996,0.90625,0.9375,0.98125,1.00625,1.05625,1.2,1.3,1.03125,1.05,1.08125,1.3
046ADBE6C833,0.89375,0.9125,0.95625,0.9875,1.025,1.3,1.3,1.00625,1.025,1.0625,1.3
046A5892E088,0.9125,0.9375,0.975,1.0125,1.08125,1.3,1.3,1.03125,1.08125,1.15,1.3
046A68EC2F8D,0.9,0.925,0.9625,1.0,1.075,1.3,1.3,1.0,1.0375,1.08125,1.3
046A48F5C9B9,0.90625,0.93125,0.9625,1.01875,1.3,1.3,1.3,1.08125,1.18125,1.3,1.3
046A30255CA7,0.8875,0.925,0.96875,1.0,1.0375,1.2,1.3,1.0125,1.025,1.05625,1.3
046A8B1A8C65,0.9125,0.93125,0.975,1.0125,1.05625,1.2,1.3,1.025,1.025,1.08125,1.3
046A47B9DB22,0.9,0.9125,0.95,0.99375,1.0875,1.3,1.3,1.0,1.05625,1.1625,1.3
046A1DFD18ED,0.9,0.93125,0.98125,1.0,1.1,1.3,1.3,1.025,1.075,1.1875,1.3
046AFD126B0B,0.89375,0.925,0.95625,0.9875,1.03125,1.09375,1.3,1.00625,1.0125,1.025,1.1
046ACEFDFE0C,0.9,0.93125,0.975,1.00625,1.1,1.3,1.3,1.025,1.075,1.15,1.3
046A5F69FFB8,0.9,0.925,0.9625,1.0,1.05,1.2,1.3,1.01875,1.04375,1.05625,1.3
046A4F5A66FB,0.9,0.925,0.9625,0.99375,1.05,1.1875,1.3,1.00625,1.0125,1.05625,1.3
046AE2AE9739,0.90625,0.925,0.9625,0.99375,1.03125,1.00625,1.3,1.00625,1.03125,1.05625,1.3
046A6BA3D5DB,0.90625,0.91875,0.95625,1.0,1.025,1.3,1.3,1.00625,1.025,1.05625,1.3
046A62ADBDA7,0.88125,0.9,0.95,0.975,1.00625,1.1,1.3,0.99375,0.99375,1.0,1.3
046ABE1CACC5,0.9,0.93125,0.9625,1.0,1.08125,1.3,1.3,1.01875,1.0625,1.1,1.3
046A0F8EDD92,0.9,0.925,0.95625,1.0,1.05,1.3,1.3,1.0125,1.025,1.05,1.3
046A1B29BF23,0.9,0.925,0.95625,0.99375,1.14375,1.3,1.3,1.03125,1.10625,1.2,1.3
046A2764B552,0.89375,0.925,0.95625,0.99375,1.025,1.3,1.3,1.0,1.025,1.03125,1.3
046A17E35005,0.9,0.91875,0.95625,0.99375,1.05625,1.3,1.3,1.0,1.01875,1.0875,1.3
046AC1A97F45,0.90625,0.94375,0.98125,1.0125,1.08125,1.3,1.3,1.025,1.05625,1.08125,1.3
046A935CF2CD,0.9125,0.93125,0.9625,1.0,1.05625,1.3,1.3,1.01875,1.03125,1.1125,1.3
046AB5265948,0.89375,0.925,0.95625,1.00625,1.2,1.3,1.3,1.08125,1.125,1.3,1.3
046AF0201E77,0.90625,0.94375,0.9625,1.00625,1.1,1.3,1.3,1.025,1.0625,1.1625,1.3
046A293045B3,0.90625,0.94375,0.975,1.0125,1.05625,1.2,1.3,1.025,1.05,1.08125,1.3
046A4F55087A,0.89375,0.9125,0.95625,1.0,1.1375,1.3,1.3,1.0375,1.1,1.3,1.3
046ACACD4B3E,0.8875,0.9125,0.94375,0.975,1.00625,1.10625,1.3,0.98125,0.99375,1.01875,1.3
046A527B1AF6,0.875,0.9,0.925,0.9625,1.0,1.1,1.3,0.975,0.99375,1.0,1.3
046A3B6E5BC3,0.89375,0.91875,0.95625,0.99375,1.0125,1.0,1.3,1.00625,1.01875,1.0375,1.3
046AA957C884,0.90625,0.93125,0.98125,1.0,1.05625,1.11875,1.3,1.03125,1.03125,1.05625,1.3
046A62CBDAD2,0.90625,0.9375,0.975,1.0125,1.05,1.0,1.3,1.04375,1.025,1.08125,1.3
046AB7536B43,0.91875,0.94375,0.98125,1.03125,1.1875,1.3,1.3,1.075,1.15,1.2,1.3
046AFF22EAB0,0.9,0.9375,0.98125,1.00625,1.05,1.3,1.3,1.025,1.04375,1.08125,1.3
046AF5E1B8A0,0.89375,0.93125,0.95,1.0,1.0375,1.2,1.3,1.01875,1.03125,1.04375,1.3
046A689A82FE,0.90625,0.9375,0.975,1.0,1.05625,1.2,1.3,1.025,1.03125,1.08125,1.3
046A9AA80E7E,0.90625,0.925,0.9625,1.0,1.04375,1.3,1.3,1.01875,1.0375,1.09375,1.3
046A18518C10,0.90625,0.93125,0.96875,1.00625,1.05625,1.3,1.3,1.025,1.05,1.05625,1.3
046AF3F9039B,0.9125,0.9375,0.975,1.00625,1.05625,1.2,1.3,1.025,1.05,1.0625,1.3
046A3BA4677B,0.91875,0.9375,0.98125,1.01875,1.3,1.3,1.3,1.09375,1.2,1.3,1.3
046AF1B59568,0.88125,0.90625,0.9375,0.9625,1.01875,1.2,1.3,0.98125,1.0,1.09375,1.3
046A0F4D4072,0.91875,0.9375,0.975,1.025,1.1875,1.3,1.3,1.08125,1.16875,1.3,1.3
046A1336D9C7,0.9125,0.9375,0.975,1.0125,1.06875,1.3,1.3,1.01875,1.05,1.1,1.3
046A9409E6FD,0.89375,0.91875,0.95625,1.0,1.1375,1.3,1.3,1.0375,1.1,1.2,1.3
046A991FF5ED,0.88125,0.9125,0.9375,0.975,1.00625,1.09375,1.3,0.9875,1.0,1.0125,1.3
046A00E45A97,0.90625,0.93125,0.9625,1.01875,1.3,1.3,1.3,1.075,1.2,1.3,1.3
046AB7F34311,0.9,0.91875,0.95,0.98125,1.05,1.3,1.3,1.0,1.0125,1.0375,1.3
046A45888AA0,0.90625,0.93125,0.975,1.0,1.11875,1.3,1.3,1.01875,1.0625,1.16875,1.3
046AB4BED711,0.9,0.925,0.95625,1.0,1.05625,1.3,1.3,1.00625,1.025,1.08125,1.3
046A59822445,0.90625,0.925,0.95625,1.0,1.05,1.05625,1.3,1.0125,1.05625,1.175,1.3
046A924D1CB9,0.925,0.9375,0.96875,1.00625,1.15,1.3,1.3,1.06875,1.1,1.2,1.3
046A686392FA,0.89375,0.9125,0.94375,0.98125,1.05,1.3,1.3,0.9875,1.0625,1.1125,1.3
046AF6684D70,0.9,0.925,0.9625,1.0,1.05,1.3,1.3,1.00625,1.03125,1.05625,1.3
046A285C6E14,0.9,0.925,0.95,1.0,1.05625,1.05,1.3,1.0125,1.03125,1.0875,1.3
046A433DE6C2,0.8875,0.9125,0.94375,0.96875,1.00625,1.16875,1.3,0.99375,1.0,1.0125,1.3
046A5E9EAFD0,0.9,0.925,0.95,1.0,1.03125,1.16875,1.3,1.00625,1.0125,1.04375,1.3
046A751F17A1,0.9,0.91875,0.95625,1.0,1.04375,1.1,1.3,1.0125,1.0,1.05,1.3
046A4DA62B9E,0.9125,0.925,0.9625,0.99375,1.025,1.3,1.3,1.0,1.0125,1.03125,1.3
046AC3F35771,0.9,0.93125,0.9625,0.99375,1.1,1.3,1.3,1.025,1.06875,1.19375,1.3
046A2CE9EAA5,0.9,0.93125,0.975,1.00625,1.0875,1.00625,1.3,1.025,1.0875,1.15625,1.3
046A50055F01,0.89375,0.91875,0.95625,1.0,1.025,1.2,1.3,1.0,1.01875,1.03125,1.3
046A19D37B12,0.9,0.93125,0.9625,1.0,1.10625,1.3,1.3,1.025,1.075,1.1375,1.3
046ADBA25F13,0.9125,0.94375,0.98125,1.01875,1.3,1.3,1.3,1.05,1.1,1.3,1.3
046AD4133798,0.9125,0.93125,0.975,1.0125,1.05625,1.3,1.3,1.01875,1.04375,1.08125,1.3
046ACF41A965,0.90625,0.9375,0.96875,1.0,1.1,1.3,1.3,1.0125,1.03125,1.1,1.3
046A7ECD2D15,0.9,0.925,0.95625,1.0,0.94375,1.3,1.3,1.0,1.025,1.05,1.3
046A6CBCD52A,0.9,0.91875,0.95625,0.9875,1.025,1.2,1.3,0.9875,1.0125,1.01875,1.3
046A21E562BF,0.90625,0.91875,0.95,0.99375,1.1,1.3,1.3,0.95,1.0375,1.2,1.3
046A5A6A5F00,0.9,0.93125,0.96875,1.00625,1.05,1.3,1.3,1.025,1.05,1.08125,1.3
046ABA0C2188,0.9,0.94375,0.975,1.01875,1.05625,1.3,1.3,1.03125,1.05,1.1,1.3
046ABDDC50B6,0.9,0.9125,0.95,0.9875,1.03125,1.2,1.3,1.0,1.01875,1.05625,1.3
046A928232FF,0.9,0.91875,0.9625,1.0,1.08125,1.3,1.3,1.00625,1.05,1.15625,1.3
046A95277F4E,0.9,0.925,0.95625,0.99375,1.025,1.10625,1.3,1.00625,1.025,1.025,1.3
046ABFD6149C,0.9,0.925,0.95625,1.0,1.0625,1.3,1.3,1.00625,1.025,1.06875,1.3
046A750DD04E,0.9,0.91875,0.95625,0.99375,1.03125,1.2,1.3,1.00625,1.01875,1.05625,1.3
046A44F68D77,0.89375,0.925,0.95625,1.0,1.075,1.3,1.3,1.0,1.05625,1.1,1.3
046A2EDDB1BD,0.9125,0.93125,0.975,1.00625,1.2,1.3,1.3,1.0875,1.175,1.3,1.3
046A61996863,0.9,0.94375,0.98125,1.00625,1.08125,1.3,1.3,1.03125,1.05625,1.09375,1.3
046AC3521CE2,0.90625,0.94375,0.98125,1.0125,1.09375,1.3,1.3,1.025,1.05625,1.13125,1.3
046A03CF11DB,0.9,0.925,0.95625,0.99375,1.09375,1.3,1.3,1.01875,1.06875,1.1,1.3
046A8070E9C9,0.9,0.91875,0.9625,1.0,1.03125,1.2,1.3,1.0,1.0125,1.05625,1.3
046A001297F1,0.89375,0.93125,0.9625,1.0,1.03125,1.2,1.3,1.0125,1.03125,1.0625,1.3
046AC0C9AC53,0.9,0.925,0.9625,1.0,1.09375,1.3,1.3,1.0125,1.05625,1.125,1.3
046AC317D995,0.9,0.93125,0.9625,1.0,1.04375,1.2,1.3,1.0125,1.03125,1.05625,1.3
046AB7FAA721,0.89375,0.9125,0.95625,0.9875,1.025,1.2,1.3,1.0,1.0,1.05625,1.3
046AC5715C0B,0.9,0.93125,0.975,1.00625,1.1,1.04375,1.3,1.025,1.05625,1.15,1.3
046AAE25F56E,0.9,0.91875,0.95,0.98125,1.01875,1.1,1.3,1.0,1.00625,1.0125,1.3
046A01CCAEEE,0.8875,0.90625,0.95,0.98125,1.025,1.3,1.3,0.99375,1.025,1.05,1.3
046A90B4C3D2,0.89375,0.91875,0.95,0.98125,1.025,1.3,1.3,1.0,1.0,1.0375,1.3
046A90740B08,0.90625,0.93125,0.975,1.01875,1.1875,1.3,1.3,1.06875,1.15625,1.3,1.3
046A5B5A518F,0.9,0.93125,0.96875,1.0125,1.075,1.3,1.3,1.025,1.05625,1.15,1.3
046ABD0138D0,0.89375,0.925,0.95,0.9875,1.1,1.3,1.3,1.025,1.1,1.2,1.3
046A38C63AA6,0.9,0.925,0.9625,1.0,1.025,1.2,1.3,1.0,1.025,1.05625,1.3
046A99FFBE74,0.8875,0.9125,0.95,0.99375,1.025,1.1,1.3,1.0,1.0125,1.04375,1.3
046AAFB2BAAE,0.9,0.925,0.95,1.0,1.1,1.3,1.3,1.01875,1.08125,1.1,1.3
046A096D7C16,0.90625,0.9375,0.975,1.0,1.05625,1.1875,1.3,1.01875,1.04375,1.06875,1.3
046A0F13412E,0.91875,0.9375,0.96875,1.00625,1.025,1.2,1.3,1.03125,1.05,1.05,1.3
046A712D8D5F,0.9,0.925,0.9625,1.00625,1.05,1.2,1.3,1.025,1.03125,1.08125,1.3
046A293045C3,0.9,0.91875,0.95625,0.99375,1.1,1.3,1.3,1.0,1.03125,1.1,1.3
046A3E5F2A4D,0.90625,0.93125,0.9,1.0,1.13125,1.3,1.3,1.03125,1.0875,1.1625,1.3
046AD46EF32B,0.90625,0.925,0.96875,1.0,1.05625,1.0,1.3,1.025,1.025,1.08125,1.3
046ADA7DD5D1,0.9,0.91875,0.95,0.98125,1.075,1.3,1.3,1.0,1.05625,1.125,1.3
046ADFFF7D10,0.9,0.9125,0.94375,0.98125,1.03125,1.3,1.3,0.99375,1.00625,1.08125,1.3
046A07D015FE,0.90625,0.93125,0.9625,1.0,1.0625,1.0125,1.3,1.025,1.03125,1.0625,1.3
046A62B80772,0.9,0.925,0.9625,1.0,1.05,1.3,1.3,1.0,1.0375,1.08125,1.3
046A1FA8177E,0.9,0.93125,0.9625,1.0,1.0875,1.3,1.3,1.03125,1.075,1.3,1.3
046A310611B3,0.9,0.925,0.95625,0.9875,1.0375,1.3,1.3,1.0,1.01875,1.09375,1.3
046AC5B1152E,0.90625,0.94375,0.98125,1.025,1.1,1.3,1.3,1.0625,1.075,1.175,1.3
046AD4F81B33,0.9,0.925,0.95625,0.9875,1.08125,1.3,1.3,1.0,1.0125,1.0875,1.3
046A3591D0EE,0.93125,0.95625,0.98125,1.01875,1.15,1.3,1.3,1.05625,1.09375,1.2,1.3
046A40B915A1,0.90625,0.93125,0.9625,1.00625,1.075,1.3,1.3,1.01875,1.04375,1.0875,1.3
046A14F7D8AF,0.90625,0.94375,0.99375,1.0125,1.08125,1.3,1.3,1.0375,1.05,1.1375,1.3
046A64B7579C,0.9125,0.94375,0.98125,1.01875,1.1875,1.3,1.3,1.08125,1.1,1.3,1.3
046A070CC9C9,0.9,0.925,0.95625,0.99375,1.04375,1.11875,1.3,1.0,1.03125,1.04375,1.3
046ABEC26185,0.8875,0.9,0.95,0.975,1.0,1.2,1.3,0.99375,1.0,1.03125,1.3
046A5B91CCCC,0.9,0.93125,0.975,1.0,1.05,1.3,1.3,1.025,1.0375,1.05,1.3
046A95116892,0.90625,0.93125,0.975,1.0125,1.05,1.3,1.3,1.0,1.04375,1.06875,1.3
046A414B4588,0.9,0.925,0.9625,1.0,1.04375,1.3,1.3,1.0,1.025,1.1,1.3
046AFB678F70,0.9,0.925,0.9625,1.0,1.09375,1.3,1.3,1.05625,1.05,1.1,1.3
046A171649FD,0.89375,0.9125,0.95,0.98125,1.01875,1.2,1.3,1.0,1.01875,1.05625,1.3
046AAAE6A151,0.925,0.95625,1.0,1.025,1.16875,1.3,1.3,1.075,1.1125,1.2,1.3
046ADB1FC49B,0.9125,0.94375,0.98125,1.03125,1.16875,1.3,1.3,1.025,1.09375,1.3,1.3
046A4D881E9F,0.9,0.91875,0.95625,0.98125,1.025,1.01875,1.3,1.0,1.01875,1.05,1.3
046A4DA17DDB,0.89375,0.925,0.9625,1.0,1.05,1.1375,1.3,1.0,1.025,1.05625,1.3
046A0D9653CC,0.90625,0.925,0.9625,1.00625,1.09375,1.3,1.3,1.025,1.0625,1.14375,1.3
046AFC28885A,0.9,0.93125,0.96875,1.00625,1.05,1.2,1.3,1.0125,1.04375,1.05625,1.3
046A8F23AB6E,0.90625,0.9375,0.975,1.0125,1.05625,1.3,1.3,1.025,1.04375,1.0875,1.3
046A97D6420A,0.89375,0.925,0.95625,1.0,1.075,1.3,1.3,1.0125,1.025,1.1,1.3
046A533AACB1,0.89375,0.9125,0.95,0.99375,1.08125,1.3,1.3,1.0,1.04375,1.06875,1.3
046A6FEC6ACA,0.89375,0.925,0.95625,1.0,1.03125,1.2,1.3,1.00625,1.025,1.0375,1.3
046A167340AD,0.9,0.91875,0.95625,0.98125,1.05625,1.3,1.3,1.0,1.025,1.1,1.3
046ADE6DC313,0.9,0.91875,0.95625,0.99375,1.025,1.2,1.3,1.0,1.0125,1.025,1.3
046A7F1FE914,0.90625,0.925,0.9625,1.0,1.05,1.3,1.3,1.01875,1.0375,1.08125,1.3
046A4C50ECEF,0.9,0.925,0.95625,1.0,1.11875,1.3,1.3,1.0125,1.0625,1.2,1.3
046A1BC0148C,0.90625,0.93125,0.9,1.0,1.2,1.3,1.3,1.0375,1.13125,1.3,1.3
046A49086BB7,0.90625,0.93125,0.975,1.0,1.10625,1.3,1.3,1.025,1.06875,1.16875,1.3
046AB843E7D5,0.8875,0.9125,0.95625,0.99375,1.125,1.0125,1.3,1.03125,1.09375,1.19375,1.3
046A124595CF,0.90625,0.93125,0.96875,1.01875,1.08125,1.3,1.3,1.025,1.05,1.0875,1.3
046A609B03CC,0.90625,0.925,0.9625,0.9875,1.05625,1.3,1.3,1.00625,1.025,1.2,1.3
046A7E04537E,0.9,0.9375,0.96875,1.0125,1.175,1.3,1.3,1.04375,1.1,1.2,1.3
046ACA56FCBA,0.89375,0.91875,0.95625,0.98125,1.04375,1.3,1.3,1.0,1.0125,1.05625,1.1
046A9E8DC00D,0.89375,0.91875,0.95625,0.975,1.09375,1.3,1.3,1.0,1.05625,1.1125,1.3
046AD7E284E0,0.9,0.9375,0.9625,1.0,1.075,1.01875,1.3,1.0,1.05,1.075,1.3
046A0B12D35B,0.9125,0.94375,0.96875,1.00625,1.0875,1.025,1.3,1.03125,1.05625,1.1,1.3
046ADD2CB5B0,0.8875,0.91875,0.95625,0.9875,1.03125,1.1125,1.3,1.00625,1.0125,1.0375,1.3
046A857D2E68,0.9,0.925,0.9625,1.0,1.025,1.3,1.3,1.00625,1.01875,1.05,1.3
046A0A862732,0.9,0.93125,0.95625,1.0,1.08125,1.3,1.3,1.00625,1.05625,1.05625,1.3
046AD4439E42,0.88125,0.9,0.94375,0.98125,1.0125,1.1,1.3,0.98125,1.00625,1.01875,1.3
046A80793D31,0.89375,0.91875,0.94375,0.9875,1.0875,1.3,1.3,1.01875,1.05625,1.1,1.3
046A3FE02A2C,0.9,0.925,0.9625,1.0,1.025,1.2,1.3,1.01875,1.03125,1.05,1.3
046AE37DBF72,0.9,0.925,0.95625,1.0,1.0,1.18125,1.3,1.00625,1.025,1.05,1.3
046AD6AA2E0B,0.89375,0.91875,0.95625,0.99375,1.075,1.3,1.3,1.0125,1.05625,1.1,1.3
046AAFEDB750,0.89375,0.91875,0.95,0.975,1.05625,1.3,1.3,0.99375,1.0125,1.06875,1.3
046A0A78F3EB,0.90625,0.93125,0.96875,1.0,1.05,1.3,1.3,1.0,1.04375,1.05,1.3
046AE9795E67,0.8875,0.9125,0.94375,0.98125,1.0125,1.2,1.3,1.0,1.00625,1.0125,1.3
046A7F404A57,0.89375,0.91875,0.95,1.0,1.075,1.3,1.3,1.0,1.11875,1.1,1.3
046AF35586B6,0.90625,0.925,0.95625,0.99375,1.05625,1.3,1.3,1.0,1.00625,1.0375,1.3
046A666B2305,0.89375,0.9125,0.95,0.98125,1.0,1.15625,1.3,0.99375,1.0,1.01875,1.3
046A950BDD0A,0.9,0.925,0.96875,1.0,1.175,1.3,1.3,1.05625,1.0875,1.2,1.3
046ABEC6D6CF,0.90625,0.925,0.9625,1.0,1.125,1.3,1.3,1.04375,1.1,1.2,1.3
046AE88EDEB1,0.9,0.925,0.96875,1.0,1.05625,1.2,1.3,1.025,1.04375,1.0625,1.3
046AD1499223,0.9,0.925,0.9625,1.0,1.0375,1.0,1.3,1.01875,1.0,1.09375,1.1
046AD0DB02FD,0.9,0.925,0.95625,0.98125,1.025,1.1,1.3,1.0,1.01875,1.09375,1.3
046ABDB84363,0.9125,0.9375,0.975,1.0,1.1,1.3,1.3,1.0625,1.1,1.2,1.3
046A86BF544F,0.9125,0.9375,0.98125,1.00625,1.1875,1.3,1.3,1.09375,1.15,1.3,1.3
046A35469481,0.9,0.925,0.95625,1.0,1.1,1.3,1.3,1.0,1.05625,1.18125,1.3
046A621FB6D9,0.9125,0.95,0.98125,1.025,1.0875,1.3,1.3,1.05,1.06875,1.1375,1.3
046AA59F7567,0.89375,0.925,0.95625,1.0,1.08125,1.01875,1.3,1.00625,1.025,1.0875,1.3
046ACA4158FD,0.89375,0.93125,0.95625,1.0,1.05,1.01875,1.3,1.0125,1.025,1.0375,1.3
046A86AF0522,0.9,0.925,0.95625,1.0,1.15625,1.3,1.3,1.05625,1.09375,1.2,1.3
046A9FF3124A,0.9,0.925,0.96875,1.0,1.05625,1.3,1.3,1.0125,1.025,1.06875,1.3
046A9D915EA6,0.90625,0.9375,0.9625,1.0,1.05,1.2,1.3,1.03125,1.04375,1.075,1.3
046A0D5489A9,0.93125,0.96875,1.0,1.05,1.3,1.3,1.3,1.09375,1.2,1.3,1.3
046ABB75714D,0.9,0.93125,0.975,1.00625,1.05625,1.2,1.3,1.025,1.04375,1.08125,1.3
046AB352A25F,0.8875,0.90625,0.95625,0.98125,1.00625,1.2,1.3,1.0,1.0125,1.04375,1.3
046AE6D7B7ED,0.9,0.925,0.975,1.00625,1.09375,1.3,1.3,1.03125,1.05,1.0875,1.3
046A6D87784C,0.9,0.925,0.96875,1.0,1.05,1.3,1.3,1.01875,1.03125,1.05,1.3
046AAE639C60,0.9,0.925,0.975,1.00625,1.2,1.3,1.3,1.1,1.2,1.3,1.3
046A8F868E3A,0.9,0.93125,0.9625,1.0,1.1,1.3,1.3,1.04375,1.075,1.1625,1.3
046A73E5DD58,0.91875,0.94375,0.975,1.00625,1.09375,1.3,1.3,1.05625,1.06875,1.15,1.3
046ACEEBE3DC,0.9,0.93125,0.96875,0.99375,1.0875,1.3,1.3,1.03125,1.075,1.3,1.3
046A0521FCA8,0.89375,0.91875,0.95,0.99375,1.025,1.05,1.3,1.0,1.05625,1.06875,1.3
046AD6CF5A71,0.9125,0.95,0.98125,1.025,1.11875,1.3,1.3,1.05,1.08125,1.1,1.3
046A8F9BB149,0.9,0.9125,0.95625,0.99375,1.0125,1.3,1.3,1.00625,1.01875,1.04375,1.3
046ADA56BFE2,0.9,0.925,0.95625,1.0,1.04375,1.1,1.3,1.00625,1.01875,1.03125,1.3
046A661E6656,0.89375,0.925,0.95625,0.99375,1.0125,1.1,1.3,1.0,1.0125,1.025,1.3
046A53E534A6,0.89375,0.91875,0.95,0.99375,1.025,1.3,1.3,1.0,1.00625,1.025,1.3
046A1D4393C5,0.9125,0.94375,0.99375,1.025,1.1,1.3,1.3,1.05,1.08125,1.15,1.3
046A639E1B9F,0.90625,0.925,0.95,0.9875,1.04375,1.3,1.3,1.00625,1.025,1.10625,1.3
046A109E6F4C,0.8875,0.9125,0.95,0.98125,1.075,1.3,1.3,1.0,1.05625,1.075,1.3
046A1C160436,0.8875,0.9125,0.9375,0.98125,1.06875,1.3,1.3,0.99375,1.01875,1.0625,1.3
046A61C8F075,0.9,0.925,0.9625,0.9875,1.03125,1.1375,1.3,1.0,1.025,1.0625,1.3
046A23B4163C,0.9,0.925,0.9625,0.9875,1.03125,1.2,1.3,1.00625,1.03125,1.05625,1.3
046A55CD54E8,0.91875,0.9375,0.98125,1.0125,1.3,1.3,1.3,1.05,1.1125,1.3,1.3
046A52A9F5EF,0.9125,0.9375,0.98125,1.00625,1.06875,1.2,1.3,1.025,1.05,1.06875,1.3
046A96AE0042,0.89375,0.91875,0.96875,1.0,1.025,1.1,1.3,1.0125,1.025,1.04375,1.3
046A3C6FC883,0.89375,0.91875,0.95,0.99375,1.025,1.2,1.3,0.9875,1.0,1.04375,1.3
046A60167D61,0.90625,0.91875,0.95,0.99375,1.11875,1.3,1.3,1.0375,1.0625,1.2,1.3
046AB7C092BE,0.9,0.91875,0.96875,1.0,1.05,1.2,1.3,1.0,1.03125,1.05,1.3
046A20A01ADA,0.90625,0.93125,0.96875,1.0,1.08125,1.3,1.3,1.03125,1.05625,1.1125,1.3
046A903E312A,0.9,0.9125,0.95625,1.0,1.025,1.2,1.3,1.00625,1.01875,1.05625,1.3
046A8B6216FA,0.9,0.925,0.9625,1.0,1.1875,1.3,1.3,1.0375,1.15,1.2,1.3
046A56772193,0.89375,0.91875,0.9625,1.0,1.05,1.15,1.3,1.0,1.03125,1.05625,1.3
046AE0BD3A20,0.90625,0.94375,0.98125,1.0125,1.05625,1.3,1.3,1.0,1.05625,1.08125,1.3
046A09E3873B,0.90625,0.925,0.9625,1.0,1.1,1.3,1.3,1.0125,1.05625,1.175,1.3
046A2AB07577,0.9,0.925,0.96875,1.0,1.04375,1.3,1.3,1.0125,1.05625,1.0875,1.3
046ACDD7B069,0.90625,0.93125,0.95625,1.0,1.06875,1.3,1.3,1.0125,1.05625,1.09375,1.3
046A32886211,0.90625,0.93125,0.9625,1.0,1.05,1.2,1.3,1.025,1.0375,1.06875,1.3
046A11365720,0.9,0.925,0.9625,1.0,1.0625,1.2,1.3,1.0125,1.0375,1.075,1.3
046AD6BD096C,0.89375,0.9125,0.95,0.98125,1.025,1.1,1.3,1.0,1.0125,1.025,1.3
046A1C1D7457,0.8875,0.90625,0.95,0.98125,1.0,1.0875,1.3,0.99375,1.0,1.025,1.3
046A92F40A1D,0.89375,0.91875,0.9625,1.0,1.09375,1.3,1.3,1.0,1.06875,1.19375,1.3
046A92AA39C2,0.91875,0.94375,0.98125,1.05625,1.2,1.3,1.3,1.09375,1.175,1.3,1.3
046AB98854FA,0.89375,0.91875,0.95,0.98125,1.05625,1.3,1.3,1.0,1.00625,1.0875,1.3
046A42747B96,0.90625,0.93125,0.98125,1.0,1.075,1.3,1.3,1.03125,1.05,1.1125,1.3
046A57866FBF,0.9,0.925,0.96875,1.0,1.03125,1.2,1.3,1.00625,1.03125,1.03125,1.3
046AF22BB364,0.90625,0.925,0.975,1.0,1.1,1.3,1.3,1.03125,1.09375,1.125,1.3
046A80289106,0.9,0.93125,0.98125,1.00625,1.1,1.3,1.3,1.0,1.0625,1.15,1.3
046AA101FB1E,0.9,0.925,0.975,1.0,1.11875,1.3,1.3,1.01875,1.08125,1.3,1.3
046A05C7725A,0.9,0.93125,0.975,0.99375,1.08125,1.3,1.3,1.025,1.05625,1.1,1.3
046ACA3A50FE,0.90625,0.9375,0.9625,1.00625,1.05,1.3,1.3,1.03125,1.04375,1.08125,1.3
046A886CD70D,0.9,0.91875,0.95625,0.9875,1.05,1.3,1.3,1.0,1.0125,1.3,1.3
046A84A6D150,0.88125,0.9125,0.94375,0.98125,1.0,1.2,1.3,0.99375,1.0,1.01875,1.3
046A95BA0DAE,0.9,0.93125,0.9625,1.00625,1.08125,1.03125,1.3,1.01875,1.05625,1.1,1.3
046AF2EB8E5D,0.90625,0.93125,0.96875,0.99375,1.15,1.3,1.3,1.025,1.08125,1.2,1.3
046AED9A52C3,0.9,0.925,0.9625,1.0,1.0375,1.2,1.3,1.0125,1.025,1.05625,1.3
046A95289351,0.90625,0.9375,0.9625,1.0,1.0375,1.3,1.3,1.00625,1.0375,1.09375,1.3
046A590E34AD,0.9125,0.9375,0.98125,1.00625,1.05,1.3,1.3,1.025,1.05,1.1,1.3
046A0B771875,0.9,0.9125,0.95,0.99375,1.025,1.3,1.3,1.0,1.0125,1.03125,1.3
046AE2997B64,0.8875,0.90625,0.95,0.98125,1.01875,1.2,1.3,1.0,1.00625,1.01875,1.3
046A5FCC8E1B,0.9,0.925,0.975,0.99375,1.0875,1.1,1.3,1.01875,1.05,1.1,1.3
046A0EE9DB08,0.90625,0.91875,0.94375,0.99375,1.08125,1.3,1.3,1.0,1.0375,1.1,1.3
046AC2C153FC,0.89375,0.9125,0.95625,0.9875,1.1125,1.3,1.3,1.03125,1.08125,1.18125,1.3
046ABE9C97A7,0.9,0.93125,0.975,1.0,1.08125,1.3,1.3,1.025,1.05625,1.1,1.3
046A35C601B5,0.9,0.925,0.95625,0.99375,1.15625,1.3,1.3,1.0,1.0625,1.3,1.3
046A18B58AF0,0.9,0.91875,0.95625,0.98125,1.05,1.2,1.3,1.00625,1.0125,1.09375,1.3
046A103BB774,0.89375,0.925,0.9625,1.0,1.025,1.3,1.3,1.00625,1.03125,1.05,1.3
046AF8D74EC3,0.9,0.925,0.95,1.0,1.04375,1.2,1.3,1.0,1.03125,1.05,1.3
046A3FC59D43,0.9,0.93125,0.96875,1.0,1.05625,1.3,1.3,1.025,1.0375,1.05625,1.3
046A803D4F93,0.89375,0.9125,0.95,0.99375,1.04375,1.3,1.3,1.0,1.0,1.05625,1.3
046AD44B3D0D,0.90625,0.925,0.95625,0.9875,1.10625,1.3,1.3,1.00625,1.05,1.1875,1.3
046A7EF94B07,0.89375,0.91875,0.95625,1.0,1.04375,1.01875,1.3,1.0,1.025,1.08125,1.3
046A6F698902,0.89375,0.91875,0.95625,0.99375,1.025,1.15625,1.3,1.0,1.0125,1.04375,1.3
046A5298AA60,0.89375,0.9125,0.95625,0.9875,1.025,1.0875,1.3,1.0,1.025,1.04375,1.3
046A4801BA11,0.90625,0.925,0.96875,1.0,1.05,1.3,1.3,1.0125,1.025,1.1,1.3
046A90390E49,0.9,0.925,0.95625,1.0,1.13125,1.025,1.3,1.025,1.09375,1.1,1.3
046AFF73343B,0.90625,0.9375,0.96875,1.04375,1.2,1.3,1.3,1.0875,1.2,1.3,1.3
046A0E18D04A,0.9,0.9375,0.96875,1.00625,1.05,1.125,1.3,1.0125,1.05,1.06875,1.3
046AF1EB7083,0.9,0.925,0.96875,0.99375,1.09375,1.3,1.3,1.03125,1.08125,1.14375,1.3
046AED087A8A,0.9,0.925,0.95,0.99375,1.03125,1.0,1.3,1.0,1.0125,1.05,1.3
046A1A8AF1F1,0.9,0.925,0.9625,1.0,1.08125,1.3,1.3,1.01875,1.05625,1.11875,1.3
046A8F9BA5EE,0.925,0.95,0.99375,1.025,1.06875,1.3,1.3,1.05625,1.05625,1.08125,1.3
046AD27B0088,0.8875,0.91875,0.9625,1.0,1.0375,1.3,1.3,1.0125,1.01875,1.05,1.3
046AD731E867,0.9125,0.94375,0.975,1.0125,1.09375,1.3,1.3,1.03125,1.08125,1.10625,1.3
046A1413A943,0.9,0.925,0.95,1.08125,1.3,1.3,1.3,1.125,1.3,1.3,1.3
046A166E2755,0.925,0.95625,0.99375,1.05625,1.3,1.3,1.3,1.10625,1.1,1.3,1.3
046AA48266BC,0.90625,0.9375,0.96875,1.0,1.3,1.3,1.3,1.01875,1.0875,1.3,1.3
046AABA8A3EF,0.925,0.95,0.99375,1.025,1.06875,1.3,1.3,1.04375,1.05625,1.075,1.3
046A2505B207,0.9125,0.9375,0.98125,1.01875,1.0625,1.3,1.3,1.025,1.05,1.05625,1.3
046AB22DB3C8,0.925,0.95,1.0,1.05,1.09375,1.3,1.3,1.05,1.08125,1.1625,1.3
046A5BB29EF2,0.89375,0.91875,0.95625,0.98125,1.0375,1.3,1.3,1.0,1.0125,1.0625,1.3
046A6620294A,0.90625,0.9375,0.96875,1.0,1.05625,1.3,1.3,1.01875,1.05,1.0875,1.3
046AA68C0989,0.9,0.925,0.95625,0.99375,1.05625,1.1,1.3,1.00625,1.03125,1.05625,1.3
046AFEE74E81,0.90625,0.94375,0.9625,1.00625,1.1,1.3,1.3,1.05625,1.075,1.3,1.3
046AD1C538FF,0.9,0.93125,0.975,1.0,1.13125,1.3,1.3,1.05625,1.19375,1.1875,1.3
046A3CACDA64,0.9125,0.93125,0.9625,1.0,1.04375,1.3,1.3,1.0125,1.025,1.05625,1.3
046A27D7123E,0.90625,0.925,0.9625,1.0,1.05,1.3,1.3,1.01875,1.04375,1.05625,1.3
046AD3C595D0,0.9,0.93125,0.9625,0.99375,1.1125,1.3,1.3,1.0,1.05625,1.3,1.3
046A31FC8604,0.8875,0.9125,0.95625,0.98125,1.03125,1.3,1.3,1.0,1.0125,1.06875,1.3
046AEFC332B6,0.89375,0.91875,0.95,0.99375,1.01875,1.3,1.3,1.0,1.00625,1.05625,1.3
046AAAB6835D,0.90625,0.9375,0.9625,1.0,1.05625,1.3,1.3,1.01875,1.0375,1.05625,1.3
046A32B49573,0.91875,0.925,0.95625,0.9875,1.3,1.3,1.3,1.01875,1.08125,1.3,1.3
046A1F2A1FBD,0.925,0.95625,1.0,1.05625,1.3,1.3,1.3,1.06875,1.1375,1.3,1.3
046AFCA85066,0.9,0.93125,0.975,1.0125,1.3,1.05625,1.3,1.05625,1.1,1.00625,1.3
046AD7E55959,0.9,0.94375,0.98125,1.025,1.1,1.3,1.3,1.0375,1.0875,1.16875,1.3
046A3A20F19B,0.9125,0.93125,0.96875,1.00625,1.05,1.3,1.3,1.01875,1.04375,1.08125,1.3
046A067A1D13,0.89375,0.925,0.95,0.99375,1.05,1.3,1.3,1.0,1.025,1.0625,1.3
046A9E18EB1C,0.9,0.93125,0.9625,1.0,1.3,1.025,1.3,1.0125,1.08125,1.3,1.3
046AE68655AE,0.90625,0.925,0.98125,1.0,1.05625,1.3,1.3,1.03125,1.05,1.09375,1.3
046AF88F7F48,0.9,0.9375,0.96875,1.05625,1.3,1.3,1.3,1.0625,1.19375,1.3,1.3
046A343E2EE2,0.925,0.95,1.0,1.05625,1.3,1.3,1.3,1.19375,1.1125,1.2,1.3
046ABA2029A8,0.925,0.95,0.99375,1.01875,1.075,1.3,1.3,1.05625,1.05625,1.09375,1.3
046AC0170475,0.90625,0.93125,0.98125,1.00625,1.2,1.3,1.3,1.03125,1.10625,1.3,1.3
046A67D166A0,0.93125,0.95,0.98125,1.1,1.3,1.3,1.3,1.3,1.3,1.3,1.3
046A604E8397,0.9,0.93125,0.96875,1.00625,1.0875,1.3,1.3,1.0125,1.04375,1.13125,1.3
046A11C0A04E,0.90625,0.93125,0.975,1.0125,1.2,1.3,1.3,1.05625,1.1375,1.2,1.3
046A80B66132,0.90625,0.9375,0.975,1.0125,1.08125,1.3,1.3,1.025,1.05,1.1,1.3
046A99D2D0F1,0.9,0.925,0.95625,0.9875,1.03125,1.2,1.3,1.00625,1.03125,1.05625,1.3
046A2A783223,0.9125,0.93125,0.975,1.0,1.05625,1.2,1.3,1.025,1.05,1.0625,1.2
046AEEFE7BB3,0.9125,0.95,0.98125,1.01875,1.09375,1.3,1.3,1.0375,1.09375,1.125,1.3
046A92ABBA20,0.89375,0.91875,0.95,0.9875,1.10625,1.3,1.3,1.00625,1.025,1.1,1.3
046AE7DAA14E,0.9125,0.9375,0.98125,1.0,1.05,1.025,1.3,1.025,1.04375,1.08125,1.3
046A40EA7F68,0.90625,0.9375,0.975,0.99375,1.08125,1.3,1.3,1.0125,1.05625,1.1,1.3
046A7F5B281E,0.90625,0.94375,0.99375,1.03125,1.3,1.3,1.3,1.1,1.2,1.3,1.3
046A01667823,0.90625,0.9375,0.98125,1.0125,1.05625,1.3,1.3,1.03125,1.05,1.08125,1.3
046A9D7D336A,0.9,0.9375,0.975,1.0,1.05,1.3,1.3,1.025,1.04375,1.075,1.3
046A3D57383F,0.90625,0.9375,0.975,1.0125,1.05,1.2,1.3,1.03125,1.04375,1.08125,1.3
046A97EFB07D,0.9,0.925,0.96875,1.0,1.0375,1.2,1.3,1.0125,1.025,1.05,1.3
046A48C3B581,0.90625,0.94375,0.975,1.0125,1.0625,1.3,1.3,1.03125,1.05625,1.1,1.3
046A789BFBCD,0.9,0.94375,0.975,1.00625,1.05,1.3,1.3,1.03125,1.04375,1.0625,1.3
046A8D6FEEC8,0.9125,0.94375,0.98125,1.025,1.1125,1.3,1.3,1.0375,1.08125,1.19375,1.3
046A7917D32A,0.89375,0.91875,0.95625,0.99375,1.03125,1.2,1.3,1.0,1.03125,1.05625,1.3
046A1DAA72A1,0.88125,0.9125,0.95,0.98125,1.0125,1.3,1.3,1.0,1.00625,1.025,1.3
046A79D747CD,0.90625,0.93125,0.96875,1.00625,1.05,1.2,1.3,1.025,1.03125,1.05,1.3
046A371CDB50,0.925,0.95,1.0,1.025,1.075,1.3,1.3,1.05,1.075,1.1625,1.3
046A4F92EE49,0.89375,0.9125,0.9625,0.99375,1.025,1.1,1.3,1.00625,1.0125,1.03125,1.3
046AC07502E8,0.90625,0.95,0.9875,1.03125,1.0625,1.3,1.3,1.0375,1.08125,1.09375,1.3
046A972C0ABB,0.9,0.91875,0.95625,0.99375,1.04375,1.1,1.3,1.00625,1.0125,1.04375,1.3
046AF059A6E6,0.9125,0.93125,0.975,1.0,1.1,1.3,1.3,1.0625,1.0625,1.2,1.3
046AC45BF2AB,0.90625,0.93125,0.95,1.0,1.05,1.2,1.3,1.01875,1.03125,1.05625,1.3
046A63DD6C07,0.9,0.925,0.96875,1.01875,1.1625,1.3,1.3,1.0375,1.09375,1.19375,1.3
046A16097BA9,0.9125,0.9375,0.9625,1.00625,1.3,1.3,1.3,1.13125,1.3,1.3,1.3
046A0F4DBBAB,0.925,0.95,0.99375,1.025,1.19375,1.3,1.3,1.05,1.13125,1.2,1.3
046A6AF5B988,0.8875,0.91875,0.95,0.99375,1.1,1.0,1.3,1.0,1.1,1.1,1.1
046A3179C8EF,0.9125,0.95,0.99375,1.01875,1.19375,1.3,1.3,1.0375,1.0875,1.3,1.3
046AB2FA6E26,0.9125,0.9375,0.98125,1.0,1.05,1.3,1.3,1.025,1.05625,1.09375,1.3
046AFB045D85,0.89375,0.9125,0.95625,0.99375,1.025,1.2,1.3,0.9,1.00625,1.0375,1.3
046A1A3A37BE,0.91875,0.94375,0.98125,1.01875,1.125,1.3,1.3,1.05625,1.11875,1.15,1.3
046A620ADB40,0.9,0.94375,0.975,1.0125,1.05625,1.3,1.3,1.025,1.05,1.10625,1.3
046A047E7BED,0.9,0.91875,0.9625,0.99375,1.03125,1.2,1.3,1.0,1.0125,1.05,1.3
046A4C7F4B1F,0.9125,0.93125,0.975,1.0625,1.15,1.3,1.3,1.08125,1.125,1.3,1.3
046A10F8B513,0.91875,0.95,0.9875,1.025,1.0625,1.3,1.3,1.0375,1.05625,1.075,1.3
046A8A01D916,0.9,0.93125,0.95625,1.0,1.0875,1.3,1.3,1.00625,1.08125,1.1,1.3
046A4EB2D437,0.9125,0.95,0.99375,1.01875,1.15,1.3,1.3,1.05625,1.125,1.3,1.3
046A99C42A6D,0.90625,0.93125,0.9625,1.0,1.05625,1.3,1.3,1.0,1.01875,1.05,1.3
046A842C8094,0.9,0.925,0.9625,1.0,1.0375,1.3,1.3,1.0125,1.03125,1.06875,1.3
046A05589819,0.9125,0.94375,0.99375,1.025,1.14375,1.3,1.3,1.05,1.10625,1.2,1.3
046A171A5EDE,0.9125,0.925,0.9625,1.0,1.2,1.3,1.3,1.08125,1.1625,1.2,1.3
046A61052A65,0.9,0.91875,0.95625,1.0,1.025,1.16875,1.3,0.99375,1.025,1.0375,1.3
046A0ADCE54C,0.9125,0.94375,0.9625,1.00625,1.0875,1.3,1.3,1.025,1.0875,1.2,1.3
046A5828257D,0.9125,0.95,0.99375,1.05,1.2,1.3,1.3,1.1,1.2,1.3,1.3
046AC40A7A28,0.90625,0.925,0.9625,0.99375,1.1,1.3,1.3,1.03125,1.10625,1.1,1.3
046A113CF5EA,0.9125,0.94375,0.98125,1.0125,1.3,1.3,1.3,1.06875,1.1375,1.3,1.3
046AF5F8BF99,0.9125,0.9375,0.98125,1.0,1.05625,1.2,1.3,1.01875,1.05,1.08125,1.3
046A730898E6,0.9,0.925,0.95625,0.99375,1.025,1.2,1.3,1.0,1.01875,1.03125,1.3
046A68EB8802,0.90625,0.94375,0.98125,1.0,1.09375,1.3,1.3,1.04375,1.05625,1.1125,1.3
046A0CE777C2,0.9,0.925,0.95625,0.99375,1.06875,1.3,1.3,1.0,1.05625,1.1125,1.3
046A1A24AD31,0.9125,0.94375,0.96875,1.0,1.08125,1.3,1.3,1.00625,1.05625,1.1125,1.3
046AB5E4744F,0.9125,0.9375,0.98125,1.01875,1.1,1.3,1.3,1.0375,1.1,1.1875,1.3
046A793EB103,0.90625,0.93125,0.98125,1.04375,1.2,1.3,1.3,1.0875,1.2,1.0,1.3
046A428F2751,0.90625,0.93125,0.975,1.0,1.0625,1.3,1.3,1.01875,1.05,1.075,1.3
046A3E14F9F1,0.90625,0.93125,0.9625,1.0125,1.2,1.3,1.3,1.08125,1.2,1.3,1.3
046A6170D8E7,0.91875,0.95625,1.0,1.03125,1.0875,1.2,1.3,1.05625,1.06875,1.1,1.3
046A2B8CF544,0.9125,0.94375,0.98125,1.04375,1.3,1.3,1.3,1.13125,1.3,1.3,1.3
046A88C18F60,0.90625,0.94375,0.98125,1.01875,1.09375,1.3,1.3,1.03125,1.05625,1.09375,1.3
046AF8A2938C,0.9,0.93125,0.975,1.0,1.08125,1.3,1.3,1.01875,1.05625,1.15,1.3
046AF18D1A91,0.9,0.925,0.95625,0.99375,1.04375,1.1,1.3,1.0125,1.0125,1.05,1.3
046AD701C2BC,0.8875,0.9125,0.95,0.98125,1.0875,1.3,1.3,0.9875,1.03125,1.125,1.3
046A555E752E,0.90625,0.93125,0.96875,1.0,1.08125,1.3,1.3,1.03125,1.06875,1.125,1.3
046A579E0409,0.91875,0.95625,0.98125,1.0375,1.2,1.3,1.3,1.0625,1.19375,1.3,1.3
046A07044D0F,0.89375,0.91875,0.95625,0.98125,1.025,1.1,1.3,1.0,1.025,1.0375,1.3
046A11E11FC7,0.9,0.925,0.95625,1.0,1.09375,1.3,1.3,1.025,1.06875,1.2,1.3
046AD086B44E,0.90625,0.93125,0.975,1.03125,1.3,1.3,1.3,1.09375,1.3,1.3,1.3
046A51A8ECB5,0.91875,0.95,0.9875,1.025,1.1,1.3,1.3,1.04375,1.0625,1.1875,1.3
046A11D0BBDC,0.9125,0.9375,0.98125,1.025,1.08125,1.3,1.3,1.04375,1.05625,1.16875,1.3
046A2E9FBA4C,0.89375,0.9125,0.94375,0.98125,1.03125,1.3,1.3,1.0,1.00625,1.05625,1.3
046ABB7B5587,0.9,0.91875,0.95625,0.98125,1.025,1.3,1.3,1.0,1.0125,1.025,1.3
046AA67FCADE,0.90625,0.93125,0.96875,1.0,1.04375,1.3,1.3,1.0125,1.03125,1.06875,1.3
046A8E34C39A,0.89375,0.91875,0.9625,0.9875,1.04375,1.3,1.3,1.0,1.03125,1.05,1.3
046A3301DBF1,0.9,0.925,0.9625,1.00625,1.04375,1.2,1.3,1.01875,1.0375,1.05625,1.3
046A51F28BD2,0.9,0.91875,0.95625,0.9875,1.025,1.2,1.3,1.0125,1.03125,1.05,1.3
046A9D2B0A79,0.91875,0.94375,0.98125,1.00625,1.1125,1.3,1.3,1.05625,1.08125,1.15625,1.3
046A4EC64208,0.9,0.925,0.96875,1.00625,1.11875,1.3,1.3,1.025,1.1,1.175,1.3
046A339C47DD,0.9,0.925,0.96875,1.00625,1.05625,1.3,1.3,1.025,1.04375,1.05625,1.3
046A36BCBBDC,0.9,0.925,0.96875,1.0,1.05,1.2,1.3,1.025,1.05,1.05625,1.3
046AACA4B6A4,0.9125,0.925,0.975,1.01875,1.05625,1.3,1.3,1.025,1.05,1.1,1.3
046AAE2817FC,0.9,0.9125,0.95625,0.99375,1.03125,1.3,1.3,1.0,1.00625,1.025,1.3
046A5F2B527C,0.90625,0.93125,0.975,1.00625,1.0875,1.3,1.3,1.025,1.05625,1.1375,1.3
046A1C75AA25,0.91875,0.94375,0.99375,1.0375,1.2,1.3,1.3,1.06875,1.1625,1.3,1.3
046A87741205,0.9125,0.94375,0.98125,1.025,1.05625,1.2,1.3,1.04375,1.05625,1.1,1.3
046A48D5744C,0.9125,0.94375,0.98125,1.01875,1.1,1.3,1.3,1.025,1.09375,1.3,1.3
046AE1254350,0.925,0.93125,0.99375,1.025,1.175,1.3,1.3,1.05,1.09375,1.2,1.3
046A1CB90206,0.9125,0.9375,0.98125,1.0125,1.11875,1.3,1.3,1.025,1.0625,1.2,1.3
046A2D57BBBF,0.9,0.91875,0.96875,1.0,1.04375,1.3,1.3,1.0125,1.03125,1.0625,1.3
046A22B9A73B,0.89375,0.91875,0.95625,0.99375,1.03125,1.2,1.3,1.0,1.025,1.08125,1.3
046A8C6D7BFD,0.90625,0.93125,0.975,1.00625,1.1875,1.3,1.3,1.05625,1.11875,1.3,1.3
046AE52325C4,0.9,0.925,0.9625,1.0,1.1,1.3,1.3,1.05625,1.0625,1.2,1.3
046AF0DBEB20,0.90625,0.93125,0.975,1.0,1.1,1.3,1.3,1.05625,1.15,1.3,1.3
046A4F1CBABA,0.91875,0.9375,0.975,1.03125,1.19375,1.3,1.3,1.0625,1.14375,1.2,1.3
046A265F361F,0.9,0.925,0.95625,1.0,1.18125,1.3,1.3,1.05625,1.1,1.2,1.3
046A896F6D41,0.925,0.95,1.0,1.025,1.0625,1.3,1.3,1.04375,1.05625,1.09375,1.3
046A084805F1,0.9,0.925,0.95625,0.9875,1.03125,1.0,1.3,1.0,1.025,1.08125,1.3
046AA20B6CAE,0.9,0.93125,0.98125,1.0,1.05,1.2,1.3,1.025,1.04375,1.05,1.3
046AB266BD11,0.8875,0.925,0.9625,0.99375,1.025,1.1,1.3,1.0,1.00625,1.04375,1.3
046A0A3F1B3D,0.9,0.93125,0.975,1.0125,1.075,1.3,1.3,1.03125,1.05,1.0875,1.3
046A64D54ED7,0.8875,0.925,0.95,1.0,1.03125,1.3,1.3,1.0,1.0125,1.0625,1.3
046AD35DF8E0,0.91875,0.925,0.975,1.0125,1.0875,1.3,1.3,1.03125,1.075,1.13125,1.3
046A990058B8,0.925,0.95,0.9875,1.0125,1.1,1.3,1.3,1.04375,1.075,1.175,1.3
046A1FD0896F,0.9,0.925,0.95625,0.99375,1.06875,1.3,1.3,1.00625,1.05,1.09375,1.3
046A27C78C67,0.9,0.925,0.95625,1.0,1.03125,1.175,1.3,1.00625,1.025,1.05,1.3
046A29D1ACA2,0.9,0.94375,0.98125,1.00625,1.15625,1.3,1.3,1.03125,1.05625,1.1,1.3
046A704824C1,0.9125,0.9375,0.975,1.00625,1.05,1.3,1.3,1.025,1.05625,1.09375,1.3
046AC8E265FD,0.91875,0.95,0.9875,1.0125,1.15625,1.3,1.3,1.08125,1.1,1.3,1.3
046A37001281,0.9,0.94375,0.975,1.00625,1.1,1.3,1.3,1.03125,1.05,1.15,1.3
046AE4868276,0.90625,0.9375,0.96875,1.01875,1.09375,1.3,1.3,1.03125,1.0625,1.15,1.3
046A00B9589E,0.925,0.95625,1.0,1.0375,1.1,1.3,1.3,1.05,1.09375,1.2,1.3
046A3AE71F2E,0.9125,0.94375,0.98125,1.01875,1.06875,1.2,1.3,1.025,1.05625,1.08125,1.3
046AD9E91809,0.91875,0.94375,0.975,1.01875,1.3,1.3,1.3,1.1,1.0,1.3,1.3
046AA1DFE95B,0.90625,0.9375,0.98125,0.925,1.11875,1.3,1.3,1.025,1.0875,1.0125,1.3
046A16552EFF,0.9125,0.94375,0.9875,1.025,1.1875,1.3,1.3,1.0625,1.1,1.3,1.3
046ADE64A576,0.9,0.925,0.9625,1.0,1.05625,1.3,1.3,1.01875,1.025,1.05,1.3
046A310E19FA,0.9,0.9375,0.975,1.00625,1.1,1.3,1.3,1.025,1.0625,1.1,1.3
046A1708A9EC,0.90625,0.925,0.975,1.0,1.0625,1.2,1.3,1.025,1.05,1.05625,1.3
046ABAA1758F,0.91875,0.95,1.0,1.10625,1.3,1.3,1.3,1.2,1.3,1.3,1.3
046A841295BE,0.9125,0.94375,0.98125,1.0125,1.1625,1.3,1.3,1.04375,1.0875,1.3,1.3
046A3454264F,0.9,0.925,0.975,1.0,1.05625,1.3,1.3,1.025,1.05,1.0875,1.1
046AAB05E7BD,0.91875,0.94375,0.975,1.05625,1.2,1.3,1.3,1.15625,1.2,1.3,1.3
046A1739B37F,0.925,0.94375,0.9875,1.03125,1.075,1.3,1.3,1.05,1.06875,1.1,1.3
046AF0159504,0.9,0.94375,0.975,1.0,1.2,1.3,1.3,1.05,1.16875,1.3,1.3
046AE58296D4,0.925,0.95,0.9875,1.0125,1.3,1.3,1.3,1.0625,1.1,1.2,1.3
046A990E13D1,0.9,0.925,0.98125,1.01875,1.2,1.3,1.3,1.06875,1.1625,1.3,1.3
046AED8DD7E1,0.90625,0.925,0.95625,0.9875,1.025,1.3,1.3,1.0,1.00625,1.05625,1.3
046AD7F79298,0.9,0.91875,0.9625,1.0,1.05625,1.3,1.3,1.0125,1.0375,1.08125,1.3
046A4D5C075E,0.9125,0.94375,0.98125,1.03125,1.13125,1.3,1.3,1.025,1.06875,1.19375,1.3
046A57C56BC6,0.90625,0.9375,0.98125,1.0,1.05625,1.3,1.3,1.025,1.05,1.0625,1.3
046ACEB8CA85,0.89375,0.91875,0.95625,0.99375,1.025,1.16875,1.3,1.0125,1.025,1.05,1.3
046A18E8FBAA,0.90625,0.93125,0.9625,1.0,1.06875,1.3,1.3,1.00625,1.025,1.09375,1.3
046A14C199CE,0.9125,0.95,0.975,1.0,1.0625,1.3,1.3,1.03125,1.04375,1.09375,1.3
046AC97B7AE5,0.9125,0.94375,0.975,1.01875,1.1,1.3,1.3,1.025,1.06875,1.15625,1.3
046A85B51624,0.89375,0.91875,0.95625,0.99375,1.0125,1.2,1.3,1.0,1.00625,1.03125,1.3
046A5F0DE044,0.90625,0.925,0.975,1.0125,1.1,1.3,1.3,1.025,1.05625,1.1,1.3
046A5F7D83F1,0.90625,0.93125,0.975,1.0,1.1,1.3,1.3,1.025,1.09375,1.15,1.3
046A5AA79735,0.9125,0.94375,0.975,1.025,1.3,1.3,1.3,1.09375,1.1875,1.3,1.3
046AAAB3DC86,0.9125,0.9375,0.975,1.0,1.1,1.3,1.3,1.01875,1.0625,1.1,1.3
046AE8196A42,0.90625,0.9375,0.96875,1.00625,1.075,1.3,1.3,1.0125,1.05625,1.1,1.3
046AF7FF18EC,0.9,0.925,0.95,1.0,1.05625,1.3,1.3,1.0125,1.025,1.05625,1.3
046ADBEC45E8,0.9,0.93125,0.9625,1.00625,1.05,1.3,1.3,1.01875,1.0375,1.08125,1.3
046AE2064941,0.90625,0.925,0.96875,1.0,1.05,1.0,1.3,1.03125,1.0625,1.0875,1.3
046A34FD4BF9,0.91875,0.95,0.99375,1.025,1.06875,1.3,1.3,1.05,1.0625,1.08125,1.3
046A5BC24B2B,0.9125,0.94375,0.975,1.00625,1.1,1.3,1.3,1.025,1.06875,1.1,1.3
046A964609EB,0.91875,0.9375,0.975,1.0,1.125,1.3,1.3,1.0375,1.1,1.3,1.3
046A20A40D78,0.90625,0.93125,0.975,1.0,1.1,1.3,1.3,1.025,1.05,1.1,1.3
046AEC8C4E89,0.90625,0.925,0.9625,1.0,1.2,1.3,1.3,1.0625,1.125,1.3,1.3
046A4AC98FCB,0.9,0.925,0.975,0.9875,1.05,1.2,1.3,1.0125,1.03125,1.08125,1.3
046A9F0F889B,0.9125,0.9375,0.98125,1.0125,1.1625,1.3,1.3,1.05,1.1,1.175,1.3
046A7CA095EB,0.9,0.93125,0.96875,1.0,1.05625,1.3,1.3,1.0125,1.0375,1.1,1.1
046ABFDFCF2F,0.9,0.93125,0.95625,1.0,1.025,1.3,1.3,1.00625,1.025,1.10625,1.3
046A2509C059,0.90625,0.93125,0.9625,1.0,1.05625,1.3,1.3,1.0125,1.03125,1.06875,1.3
046ADCFF6937,0.9,0.93125,0.96875,1.0,1.3,1.3,1.3,1.09375,1.1,1.3,1.3
046A7E1BE95A,0.9,0.925,0.98125,1.00625,1.09375,1.3,1.3,1.03125,1.06875,1.1375,1.3
046A64BB1CE0,0.9,0.9375,0.98125,1.00625,1.09375,1.3,1.3,1.0125,1.05625,1.1,1.3
046A8CA03F8C,0.8875,0.9125,0.9375,0.96875,1.0,1.2,1.3,0.9875,1.0,1.0375,1.3
046A51783A77,0.9125,0.925,0.98125,1.01875,1.1,1.3,1.3,1.075,1.075,1.2,1.3
046ACB3D793A,0.9125,0.94375,0.98125,1.0125,1.3,1.3,1.3,1.05625,1.08125,1.2,1.3
046AFDB1FB08,0.9,0.9375,0.96875,1.0,1.0875,1.3,1.3,1.01875,1.06875,1.0875,1.3
046AB4F81DFB,0.9125,0.94375,1.0,1.0125,1.08125,1.3,1.3,1.025,1.0625,1.1,1.3
046A66DC2FCE,0.925,0.95625,0.99375,1.05,1.3,1.3,1.3,1.1,1.15,1.3,1.3
046A0BA92FD0,0.91875,0.94375,0.99375,1.01875,1.08125,1.3,1.3,1.0375,1.08125,1.09375,1.3
046A8C177501,0.90625,0.925,0.9625,1.0,1.08125,1.3,1.3,1.0125,1.025,1.1,1.3
046A18829D27,0.925,0.95625,0.99375,1.025,1.1875,1.3,1.3,1.05625,1.15,1.3,1.3
046A03D45CB0,0.9125,0.94375,0.98125,1.00625,1.08125,1.3,1.3,1.025,1.05,1.1,1.3
046A045971C8,0.9,0.925,0.95625,1.0,1.025,1.2,1.3,1.0,1.0125,1.05625,1.3
046AF5922438,0.9125,0.94375,0.975,1.00625,1.08125,1.0,1.3,1.03125,1.05,1.1,1.3
046A58CC5603,0.90625,0.93125,0.975,1.0,1.08125,1.3,1.3,1.025,1.0375,1.1,1.3
046AC3F7426E,0.9125,0.95,0.98125,1.03125,1.15,1.3,1.3,1.05,1.1125,1.3,1.3
046A486AEBC4,0.9,0.94375,0.975,1.00625,1.3,1.3,1.3,1.075,1.19375,1.3,1.3
046AA051F16F,0.90625,0.9375,0.975,1.0125,1.1,1.3,1.3,1.01875,1.0625,1.18125,1.3
046AFD444C8C,0.88125,0.9,0.9375,0.9625,1.0,1.08125,1.3,0.98125,1.0,1.00625,1.3
046A739E7224,0.9125,0.94375,0.975,1.00625,1.08125,1.3,1.3,1.03125,1.05,1.08125,1.3
046AE9EE0D11,0.9,0.93125,0.98125,1.0125,1.0625,1.3,1.3,1.03125,1.05,1.1,1.3
046A74604BA8,0.91875,0.9375,0.98125,1.00625,1.13125,1.3,1.3,1.025,1.0625,1.2,1.3
046A13DFC381,0.89375,0.925,0.95,0.98125,1.025,1.3,1.3,0.9,1.0125,1.08125,1.3
046A8491DEC0,0.90625,0.93125,0.975,1.0,1.1,1.3,1.3,1.01875,1.075,1.175,1.3
046A8A83633A,0.90625,0.93125,0.975,1.0,1.08125,1.3,1.3,1.03125,1.05,1.09375,1.3
046A74DAE46C,0.89375,0.925,0.95,0.9875,1.1,1.3,1.3,1.0,1.08125,1.2,1.3
046A507F0F60,0.9,0.93125,0.975,0.9875,1.0625,1.3,1.3,1.00625,1.025,1.14375,1.3
046A70E33CED,0.9,0.925,0.9625,0.99375,1.03125,1.2,1.3,1.0125,1.025,1.05625,1.3
046ADE48DA29,0.9,0.925,0.95625,1.0,1.03125,1.3,1.3,1.00625,1.0,1.05,1.3
046ACC5B317A,0.89375,0.91875,0.95625,0.99375,1.025,1.2,1.3,1.00625,1.025,1.0375,1.3
046A0FDCDFEC,0.90625,0.93125,0.98125,1.00625,1.15,1.3,1.3,1.025,1.1125,1.2,1.3
046AB55875FA,0.88125,0.90625,0.9375,0.96875,1.00625,1.2,1.3,0.99375,1.0,1.0,1.3
046A1C85CD6C,0.9,0.9375,0.975,1.00625,1.14375,1.3,1.3,1.05625,1.09375,1.3,1.3
046A7FFC1C15,0.91875,0.94375,0.98125,1.025,1.09375,1.3,1.3,1.05,1.05,1.1,1.3
046AFE25A2C6,0.9125,0.94375,0.9875,1.01875,1.05,1.3,1.3,1.04375,1.05625,1.0875,1.3
046ABF697D18,0.89375,0.91875,0.95625,0.975,1.05625,1.3,1.3,1.0,1.03125,1.0875,1.3
046A7D264A31,0.9125,0.9375,0.98125,1.0,1.1875,1.3,1.3,1.08125,1.09375,1.15,1.3
046AE571C1BC,0.90625,0.9375,0.98125,1.0125,1.05625,1.2,1.3,1.025,1.05,1.0625,1.3
046A1A7CB4EF,0.89375,0.9125,0.95,0.9875,1.025,1.2,1.3,1.00625,1.01875,1.04375,1.3
046AB63DFB6F,0.9,0.93125,0.975,1.0,1.05625,1.3,1.3,1.025,1.0375,1.05625,1.3
046A76225F78,0.90625,0.93125,0.975,1.0,1.04375,1.2,1.3,1.025,1.025,1.05,1.3
046A78722E21,0.89375,0.91875,0.95625,1.0,1.10625,1.3,1.3,1.03125,1.08125,1.2,1.3
046A6F5825BB,0.9,0.9375,0.975,1.0,1.05,1.2,1.3,1.05625,1.05,1.0625,1.3
046A158DFF71,0.925,0.94375,0.9875,1.01875,1.2,1.3,1.3,1.04375,1.08125,1.2,1.3
046ABD4BBB15,0.90625,0.9375,0.975,1.0125,1.1,1.3,1.3,1.025,1.08125,1.1,1.3
046A35479E6C,0.90625,0.925,0.98125,1.00625,1.05625,1.3,1.3,1.01875,1.0375,1.05625,1.3
046AC73E1163,0.90625,0.9375,0.98125,1.00625,1.18125,1.3,1.3,1.05625,1.1,1.0125,1.3
046AFF25A59C,0.89375,0.9125,0.9625,1.0,1.03125,1.3,1.3,1.0,1.01875,1.05625,1.3
046AC5C40F5A,0.90625,0.925,0.96875,1.0,1.05,1.19375,1.3,1.03125,1.025,1.06875,1.3
046A57DA0C8E,0.9125,0.94375,0.98125,1.0125,1.08125,1.2,1.3,1.03125,1.05625,1.0875,1.3
046A6429DC05,0.9,0.925,0.96875,1.0125,1.05,1.3,1.3,1.01875,1.05625,1.08125,1.3
046A10C27AA9,0.9,0.93125,0.9625,1.0,1.05,1.3,1.3,1.025,1.025,1.05,1.3
046A8829C5A3,0.90625,0.93125,0.975,1.0,1.05,1.3,1.3,1.025,1.05,1.1,1.3
046A7B4E6481,0.90625,0.925,0.98125,1.00625,1.0875,1.3,1.3,1.025,1.08125,1.125,1.3
046AF9BF989F,0.9125,0.95,0.98125,1.03125,1.1625,1.3,1.3,1.05,1.0625,1.1,1.3
046A644CC48A,0.9125,0.9375,0.98125,1.0,1.05625,1.2,1.3,1.04375,1.05,1.0875,1.3
046AFE4C9981,0.9,0.93125,0.975,1.00625,1.05625,1.3,1.3,1.025,1.05,1.09375,1.3
046A2D74A532,0.925,0.95625,1.0,1.0375,1.14375,1.3,1.3,1.05625,1.09375,1.1875,1.3
046A51D83292,0.925,0.95625,1.0,1.025,1.125,1.3,1.3,1.05,1.09375,1.1875,1.3
046A7209C068,0.9125,0.93125,0.9625,1.0,1.0625,1.2,1.3,1.03125,1.0375,1.0875,1.3
046AE7609A0A,0.925,0.95,0.99375,1.0125,1.15,1.3,1.3,1.05625,1.1125,1.2,1.3
046A9FB509A6,0.91875,0.94375,0.98125,1.00625,1.05625,1.3,1.3,1.03125,1.05,1.1,1.3
046A72EFDA5F,0.9125,0.9375,0.96875,1.0,1.03125,1.2,1.3,1.0125,1.04375,1.05,1.3
046AB8A33072,0.90625,0.94375,0.98125,1.0125,1.05,1.3,1.3,1.025,1.0375,1.08125,1.3
046A18D25DCE,0.9125,0.9375,0.98125,1.025,1.1875,1.3,1.3,1.0625,1.1,1.3,1.3
046A4D895FF0,0.9,0.925,0.96875,1.0,1.06875,1.3,1.3,1.01875,1.05625,1.1625,1.3
046ABE4B8D49,0.89375,0.91875,0.95625,0.99375,1.03125,1.16875,1.3,1.0,1.0125,1.05,1.3
046AAFBAD8E8,0.9125,0.95,0.98125,1.0125,1.2,1.3,1.3,1.075,1.1875,1.3,1.3
046A00C3917F,0.9,0.925,0.95625,1.0,1.075,1.3,1.3,1.01875,1.05,1.2,1.3
046ADA16D5F7,0.9,0.925,0.95625,1.0,1.04375,1.3,1.3,1.0,1.025,1.05625,1.3
046A660BF4E2,0.91875,0.95,0.9875,1.01875,1.08125,1.3,1.3,1.0375,1.0375,1.09375,1.3
046ABF24C99D,0.90625,0.925,0.96875,1.00625,1.19375,1.3,1.3,1.05625,1.1,1.3,1.3
046A5428AA27,0.9,0.925,0.9625,1.0,1.1,1.3,1.3,1.0125,1.1,1.2,1.3
046A1D6FD965,0.90625,0.94375,0.975,1.0,1.1,1.3,1.3,1.025,1.08125,1.175,1.3
046A3009E145,0.91875,0.95,0.99375,1.05,1.2,1.3,1.3,1.1,1.3,1.3,1.3
046A298BC06E,0.9125,0.95,0.99375,1.025,1.0875,1.3,1.3,1.04375,1.05,1.1,1.3
046A406E6C1E,0.90625,0.9375,0.975,1.00625,1.16875,1.3,1.3,1.025,1.04375,1.3,1.3
046A09B5A7F7,0.90625,0.925,0.975,1.00625,1.2,1.3,1.3,1.05,1.1,1.3,1.3
046A8A47D215,0.90625,0.9375,0.98125,1.00625,1.11875,1.3,1.3,1.03125,1.1125,1.2,1.3
046ADAA50DA7,0.9125,0.9375,0.98125,1.0125,1.1625,1.3,1.3,1.05,1.09375,1.2,1.3
046A2B80CB5C,0.9,0.925,0.95625,0.9875,1.025,1.2,1.3,1.0125,1.025,1.08125,1.3
046AAA4F2B1D,0.91875,0.95,0.99375,1.03125,1.175,1.3,1.3,1.05625,1.11875,1.3,1.3
046A0DCC48C7,0.925,0.94375,0.99375,1.0125,1.08125,1.3,1.3,1.03125,1.05,1.09375,1.3
046ACBB8A4C0,0.9,0.925,0.975,1.0,1.05625,1.3,1.3,1.025,1.05,1.09375,1.3
046A000C4DF7,0.90625,0.925,0.95625,0.99375,1.06875,1.3,1.3,1.00625,1.04375,1.1,1.3
046A2A9EADE1,0.9125,0.95,0.98125,1.025,1.075,1.2,1.3,1.04375,1.05625,1.05,1.3
046AA20FC2A1,0.90625,0.9375,0.975,1.0125,1.1,1.3,1.3,1.025,1.08125,1.2,1.3
046A0CDEA1FE,0.9125,0.94375,0.98125,1.01875,1.2,1.3,1.3,1.05,1.3,1.2,1.3
046A184565DA,0.90625,0.9375,0.96875,1.0,1.025,1.1,1.3,1.00625,1.025,1.05,1.3
046A1A420B88,0.89375,0.91875,0.9625,1.0,1.075,1.3,1.3,1.0,1.09375,1.125,1.3
046A33E8F478,0.925,0.95,1.0,1.03125,1.1,1.3,1.3,1.05,1.1,1.2,1.3
046AA636EE87,0.91875,0.95,0.98125,1.01875,1.1125,1.3,1.3,1.03125,1.05625,1.11875,1.3
046AC889E7D6,0.9,0.93125,0.975,1.00625,1.04375,1.15,1.3,1.025,1.025,1.05,1.3
046A6E967D37,0.89375,0.93125,0.96875,1.00625,1.1,1.3,1.3,1.025,1.05,1.1,1.3
046A88F4B83F,0.9,0.93125,0.95625,1.00625,1.3,1.3,1.3,1.04375,1.1,1.3,1.3
046A91D4D900,0.9125,0.9375,0.98125,1.0125,1.19375,1.3,1.3,1.0375,1.1125,1.2,1.1
046A1987E519,0.9,0.925,0.9625,1.0,1.05,1.2,1.3,1.00625,1.04375,1.05,1.3
046A725CA8E3,0.9125,0.9375,0.975,1.0,1.10625,1.3,1.3,1.025,1.08125,1.125,1.3
046AA528235A,0.9125,0.94375,0.99375,1.0125,1.08125,1.3,1.3,1.03125,1.05625,1.1125,1.3
046A689DB68B,0.9125,0.94375,0.95625,1.00625,1.05,1.3,1.3,1.025,1.0375,1.08125,1.3
046A5452BE3F,0.91875,0.94375,0.98125,1.01875,1.14375,1.3,1.3,1.03125,1.0875,1.175,1.3
046A6CF2614A,0.9,0.925,0.96875,1.0,1.0875,1.3,1.3,1.01875,1.05625,1.14375,1.3
046A64BDDFC0,0.90625,0.94375,0.975,1.0,1.08125,1.03125,1.3,1.04375,1.0625,1.1,1.3
046A0F666724,0.9125,0.94375,0.98125,1.0125,1.1,1.3,1.3,1.04375,1.0875,1.2,1.3
046ABA7348AA,0.9,0.925,0.96875,1.0,1.08125,1.00625,1.3,1.01875,1.075,1.15625,1.3
046A7BB99DF2,0.90625,0.94375,0.98125,1.025,1.2,1.3,1.3,1.09375,1.1,1.3,1.3
046A0470C588,0.9125,0.95,0.98125,1.01875,1.15,1.3,1.3,1.08125,1.14375,1.3,1.3
046ABB9FD5BB,0.90625,0.9375,0.98125,1.0,1.19375,1.3,1.3,1.05,1.1,1.0,1.3
046A83DD88BE,0.9125,0.94375,0.975,1.00625,1.09375,1.3,1.3,1.025,1.025,1.1,1.3
046A7B27B0A2,0.9125,0.9375,0.98125,1.0125,1.2,1.3,1.3,1.075,1.15,1.3,1.3
046A82826338,0.9,0.925,0.95625,1.0,1.05,1.3,1.3,1.03125,1.05,1.0625,1.3
046A4C5E9B12,0.9125,0.9375,0.98125,1.025,1.3,1.3,1.3,1.05625,1.15,1.3,1.3
046ADAF25D08,0.9125,0.9375,0.98125,1.0125,1.08125,1.3,1.3,1.0375,1.05,1.09375,1.3
046A8168299E,0.9,0.93125,0.9625,1.0,1.09375,1.3,1.3,1.00625,1.0375,1.1375,1.3
046A01291048,0.91875,0.93125,0.9625,1.0,1.0625,1.3,1.3,1.0125,1.025,1.1,1.3
046A5E9C8193,0.91875,0.95,0.975,1.0,1.2,1.3,1.3,1.075,1.15,1.3,1.3
046ACD869AF2,0.90625,0.94375,0.98125,1.0,1.09375,1.3,1.3,1.05625,1.08125,1.125,1.3
046AF46DE62D,0.9125,0.9375,0.98125,1.0,1.05,1.2,1.3,1.03125,1.0375,1.05625,1.3
046A5ACBF97D,0.91875,0.95,0.98125,1.03125,1.16875,1.3,1.3,1.0625,1.1125,1.2,1.3
046A286CDD15,0.89375,0.925,0.975,1.00625,1.05625,1.3,1.3,1.025,1.0375,1.05625,1.3
046ADCF819D7,0.9,0.925,0.96875,1.0,1.06875,1.3,1.3,1.025,1.0625,1.13125,1.3
046ABEB7FC33,0.8875,0.9125,0.95,0.98125,1.00625,1.2,1.3,1.0,1.0,1.01875,1.3
046AD02EFDEC,0.9,0.94375,0.98125,1.0125,1.08125,1.3,1.3,1.025,1.05625,1.0875,1.3
046A52F0C4DD,0.925,0.95,0.99375,1.025,1.2,1.3,1.3,1.05625,1.19375,1.3,1.3
046ACE3D50FA,0.90625,0.9375,0.975,1.0,1.1,1.3,1.3,1.025,1.08125,1.1,1.3
046A52600C51,0.9,0.925,0.96875,1.0,1.1,1.3,1.3,1.0125,1.05,1.18125,1.3
046AF5BED7E8,0.90625,0.9375,0.98125,1.0,1.3,1.3,1.3,1.0625,1.1625,1.3,1.3
046AE6E2F77A,0.91875,0.94375,0.975,1.04375,1.2,1.3,1.3,1.0875,1.18125,1.3,1.3
046AF50A0E98,0.89375,0.925,0.9625,1.0,1.1375,1.3,1.3,1.03125,1.075,1.2,1.3
046A70AEC2AB,0.925,0.95,0.9875,1.025,1.2,1.3,1.3,1.10625,1.1,1.3,1.3
046A3749C2EA,0.9,0.93125,0.96875,0.9875,1.08125,1.3,1.3,1.0125,1.04375,1.1,1.3
046A8024FBE0,0.90625,0.925,0.9625,1.0375,1.3,1.3,1.3,1.1375,1.2,1.3,1.3
046AB7213A88,0.89375,0.9125,0.95,0.98125,1.0125,1.0,1.3,1.0,0.93125,1.025,1.3
046A8F58435F,0.90625,0.925,0.96875,1.0,1.05,1.3,1.3,1.01875,1.05,1.1125,1.3
046A4337FBBC,0.9125,0.94375,0.975,1.0125,1.13125,1.3,1.3,1.03125,1.0875,1.2,1.3
046A24B14A97,0.8875,0.91875,0.95,0.98125,1.04375,1.3,1.3,0.99375,1.00625,1.075,1.3
046A3F3221B6,0.90625,0.925,0.9625,1.00625,1.125,1.3,1.3,1.025,1.075,1.1875,1.3
046ACE21661F,0.9,0.9125,0.95625,1.0,1.03125,1.1,1.3,1.00625,1.025,1.03125,1.3
046A058B660C,0.9125,0.95,0.98125,1.025,1.3,1.3,1.3,1.09375,1.3,1.3,1.3
046AA25B6633,0.9,0.925,0.9625,0.99375,1.05625,1.3,1.3,1.0,1.03125,1.09375,1.3
046AA891865E,0.90625,0.93125,0.96875,1.0,1.2,1.3,1.3,1.06875,1.1,1.2,1.3
046A3AB57BE4,0.9,0.925,0.95625,1.025,1.3,1.3,1.3,1.08125,1.19375,1.2,1.3
046AF762AA1D,0.9,0.925,0.9625,1.0,1.05625,1.3,1.3,1.025,1.075,1.13125,1.3
046A6C78B202,0.90625,0.93125,0.975,1.00625,1.025,1.1,1.3,1.025,1.05,1.05625,1.3
046AB5301FE5,0.89375,0.9125,0.95,0.99375,1.06875,1.3,1.3,1.0,1.0625,1.09375,1.3
046A298F0874,0.9125,0.94375,0.98125,1.00625,1.1,1.3,1.3,1.01875,1.09375,1.16875,1.3
046A8F42FBCE,0.91875,0.94375,0.99375,1.025,1.09375,1.3,1.3,1.05,1.05625,1.1375,1.3
046AFA147CEF,0.89375,0.925,0.975,1.0,1.05,1.3,1.3,1.0125,1.04375,1.075,1.3
046AA3519948,0.9125,0.94375,0.98125,1.0125,1.125,1.3,1.3,1.04375,1.08125,1.19375,1.3
046A5813DEA7,0.9,0.93125,0.975,1.0,1.08125,1.3,1.3,1.0125,1.05,1.0875,1.3
046ACBFC2F17,0.9125,0.9375,0.975,1.0,1.15625,1.3,1.3,1.0625,1.09375,1.1875,1.3
046A52F45CDA,0.925,0.94375,0.99375,1.03125,1.1,1.3,1.3,1.05,1.0625,1.1125,1.3
046A7A80F78B,0.8875,0.925,0.95625,0.975,1.0125,1.1,1.3,0.9875,1.0125,1.025,1.3
046A417E1876,0.90625,0.9375,0.96875,1.0,1.2,1.3,1.3,1.06875,1.1375,1.3,1.3
046A9321CF63,0.9125,0.9375,0.98125,1.01875,1.09375,1.3,1.3,1.04375,1.05625,1.15625,1.3
046A298F73A5,0.9,0.93125,0.98125,1.0125,1.08125,1.3,1.3,1.025,1.08125,1.18125,1.3
046A404B51C1,0.90625,0.93125,0.975,1.00625,1.1,1.3,1.3,1.0125,1.08125,1.2,1.3
046A24EA2E91,0.9,0.91875,0.95625,0.99375,1.15,1.3,1.3,1.10625,1.15625,1.2,1.3
046A60876564,0.91875,0.94375,0.98125,1.025,1.0,1.3,1.3,1.05625,1.2,1.3,1.3
046AC2BBDFEF,0.90625,0.9375,0.98125,1.0,1.05625,1.15,1.3,1.025,1.025,1.05625,1.3
046AA47E20D4,0.9,0.925,0.95,0.99375,1.1,1.3,1.3,1.00625,1.06875,1.15,1.3
046AD45AE312,0.88125,0.9,0.9375,0.9625,1.0,1.1875,1.3,0.98125,1.0,1.05625,1.3
046A5D02EF67,0.9,0.925,0.975,1.0,1.05,1.3,1.3,1.01875,1.025,1.05625,1.3
046A0B97D171,0.9125,0.9375,0.975,1.0,1.06875,1.3,1.3,1.01875,1.05625,1.1,1.3
046A0A00C3C4,0.90625,0.925,0.96875,1.0,1.04375,1.2,1.3,1.01875,1.025,1.05625,1.3
046A56E5D4E2,0.9375,0.975,1.00625,1.1,1.3,1.3,1.3,1.3,1.3,1.3,1.3
046A66D3CC43,0.90625,0.925,0.95625,0.99375,1.08125,1.3,1.3,1.0,1.05625,1.2,1.3
046A665FCBE4,0.89375,0.91875,0.95,0.9875,1.09375,1.3,1.3,1.01875,1.08125,1.2,1.3
046A0B866CFD,0.8875,0.9125,0.94375,0.975,1.0125,1.11875,1.3,1.0,1.00625,1.025,1.3
046A390D58CE,0.9125,0.94375,0.98125,1.01875,1.075,1.3,1.3,1.0375,1.075,1.14375,1.3
046A8FF31424,0.9125,0.9375,0.98125,1.00625,1.15625,1.3,1.3,1.025,1.0875,1.15,1.3
046A9D831582,0.9125,0.9375,0.96875,1.01875,1.0125,1.3,1.3,1.08125,1.18125,1.3,1.3
046A2F78FF88,0.9,0.91875,0.95625,0.9875,1.075,1.3,1.3,1.0,1.0625,1.09375,1.3
046ABF6E566C,0.90625,0.93125,0.96875,1.0,1.03125,1.3,1.3,1.0125,1.025,1.05625,1.3
046ACEEAC49A,0.90625,0.925,0.95625,0.99375,1.0875,1.3,1.3,1.0,1.06875,1.175,1.3
046A73471514,0.9,0.9375,0.95625,1.0,1.1,1.3,1.3,1.0,1.05625,1.125,1.3
046A33F80602,0.90625,0.9375,0.98125,1.0125,1.06875,1.3,1.3,1.03125,1.05,1.08125,1.3
046ACF05FA00,0.8875,0.9,0.94375,0.98125,1.0,1.1375,1.3,0.98125,1.0,1.00625,1.3
046A57E52683,0.89375,0.91875,0.95,0.98125,1.025,1.3,1.3,0.9875,1.0,1.05,1.3
046A18833887,0.89375,0.91875,0.95625,0.99375,1.04375,1.3,1.3,1.0125,1.025,1.0625,1.3
046A0FA79DCE,0.9,0.925,0.95625,0.9875,1.03125,1.3,1.3,1.01875,1.01875,1.025,1.3
046A9C08F7CD,0.90625,0.93125,0.96875,1.0,1.05,1.0125,1.3,1.0125,1.0375,1.09375,1.3
046A5AB031FE,0.9,0.93125,0.95625,1.0,1.0875,1.3,1.3,1.0125,1.0625,1.16875,1.3
046A97A4F54D,0.90625,0.9375,0.975,1.0,1.15625,1.3,1.3,1.025,1.075,1.19375,1.3
046A01EC5371,0.89375,0.925,0.96875,0.99375,1.0375,1.1,1.3,1.0,1.04375,1.05,1.3
046A2EE4E4B2,0.9,0.925,0.95625,0.9875,1.08125,1.3,1.3,1.0125,1.03125,1.13125,1.3
046A8F1F126C,0.91875,0.95625,0.99375,1.03125,1.09375,1.3,1.3,1.04375,1.05625,1.1,1.3
046A2F8990B8,0.9125,0.94375,0.975,1.025,1.15,1.3,1.3,1.0625,1.09375,1.3,1.3
046AA8333629,0.91875,0.95,0.98125,1.0125,1.2,1.3,1.3,1.0625,1.125,1.3,1.3
046ADB9F6BA5,0.9,0.925,0.96875,1.0,1.1125,1.3,1.3,1.05,1.1,1.3,1.3
046AB37F032B,0.90625,0.93125,0.96875,1.00625,1.1,1.3,1.3,1.0,1.075,1.175,1.3
046AADC8F383,0.9,0.93125,0.975,1.0,1.05625,1.3,1.3,1.00625,1.03125,1.08125,1.3
046A534016D0,0.90625,0.93125,0.96875,1.0,1.04375,1.1,1.3,1.025,1.0375,1.08125,1.3
046A4F48809B,0.9125,0.95,0.9875,1.03125,1.06875,1.3,1.3,1.05,1.05625,1.08125,1.3
046A249F4BC0,0.89375,0.9125,0.95625,0.9875,1.0125,1.125,1.3,1.0,1.0,1.03125,1.3
046AA0C282E9,0.9,0.925,0.9625,1.00625,1.125,1.3,1.3,1.025,1.06875,1.2,1.3
046ADDFB7BF9,0.9,0.93125,0.9625,1.0,1.2,1.3,1.3,1.08125,1.1,1.3,1.3
046A8F4803DF,0.89375,0.93125,0.95,0.9875,1.025,1.2,1.3,1.00625,1.00625,1.025,1.3
046A36A5A7EB,0.9,0.925,0.95,1.0,1.0375,1.2,1.3,1.00625,1.025,1.05625,1.3
046AA93217A5,0.9,0.91875,0.95,0.99375,1.2,1.3,1.3,1.025,1.175,1.3,1.3
046A12D33D75,0.89375,0.91875,0.95625,1.04375,1.3,1.3,1.3,1.1,1.3,1.3,1.3
046A1272FEB8,0.91875,0.95625,0.9875,1.05625,1.3,1.3,1.3,1.09375,1.16875,1.3,1.3
046A2CEA3142,0.9,0.925,0.9625,1.00625,1.03125,1.3,1.3,0.9875,1.05625,1.075,1.3
046A2AC682B4,0.89375,0.9125,0.95625,1.0,1.03125,1.3,1.3,1.0,1.0125,1.05,1.3
046A85B899B4,0.9,0.925,0.95,1.0,1.125,1.3,1.3,1.0375,1.1,1.19375,1.3
046AC077C7ED,0.91875,0.94375,0.975,1.025,1.0875,1.3,1.3,1.05625,1.08125,1.11875,1.3
046A06DE6742,0.89375,0.91875,0.95,0.99375,1.05625,1.3,1.3,1.0,1.0125,1.06875,1.3
046A2867B00E,0.90625,0.925,0.9625,1.0,1.025,1.3,1.3,1.0,1.01875,1.06875,1.3
046A921575F0,0.9125,0.94375,0.98125,1.00625,1.1125,1.3,1.3,1.04375,1.06875,1.1,1.3
046AD23BE52F,0.9,0.925,0.9625,0.99375,1.1,1.3,1.3,1.0125,1.075,1.16875,1.3
046A07B34E93,0.90625,0.925,0.9625,1.0,1.05625,1.3,1.3,1.0,1.03125,1.08125,1.3
046ACAFAD1F9,0.90625,0.93125,0.96875,0.9875,1.05,1.3,1.3,1.0,1.03125,1.06875,1.3
046A02BF7893,0.9,0.9375,0.975,1.00625,1.0625,1.3,1.3,1.025,1.05,1.13125,1.3
046AE39E7FD0,0.90625,0.9375,0.975,1.01875,1.2,1.3,1.3,1.0625,1.3,1.3,1.3
046A02735ED5,0.90625,0.94375,0.98125,1.0125,1.05625,1.3,1.3,1.025,1.05625,1.08125,1.3
